{"cameraMode":{"drawMode":0,"name":"Shaded","section":"Shading Mode"},"sceneLighting":false,"audioPlay":false,"sceneViewState":{"showFog":true,"showMaterialUpdate":false,"showSkybox":false,"showFlares":true,"showImageEffects":true,"showParticleSystems":true},"in2DMode":false,"pivot":{"x":-0.7933478355407715,"y":1.285622239112854,"z":-2.5441479682922365},"rotation":{"x":-0.4267260730266571,"y":-0.021703338250517846,"z":0.010243604891002179,"w":-0.9040624499320984},"size":7.9351630210876469,"orthographic":false}