{"cameraMode":{"drawMode":0,"name":"Shaded","section":"Shading Mode"},"sceneLighting":true,"audioPlay":false,"sceneViewState":{"showFog":true,"showMaterialUpdate":false,"showSkybox":true,"showFlares":true,"showImageEffects":true,"showParticleSystems":true},"in2DMode":false,"pivot":{"x":57.25035095214844,"y":1.5332719087600709,"z":-8.119284629821778},"rotation":{"x":0.37128376960754397,"y":-0.005571175832301378,"z":0.002227762248367071,"w":0.9285001158714294},"size":21.083879470825197,"orthographic":true}