{"cameraMode":{"drawMode":0,"name":"Shaded","section":"Shading Mode"},"sceneLighting":false,"audioPlay":false,"sceneViewState":{"showFog":true,"showMaterialUpdate":false,"showSkybox":false,"showFlares":true,"showImageEffects":true,"showParticleSystems":true},"in2DMode":false,"pivot":{"x":19.440000534057618,"y":1.5899999141693116,"z":2.6600000858306886},"rotation":{"x":-0.274196982383728,"y":0.2666972577571869,"z":-0.07944071292877197,"w":-0.9205312728881836},"size":5.149294853210449,"orthographic":true}