{"cameraMode":{"drawMode":0,"name":"Shaded","section":"Shading Mode"},"sceneLighting":true,"audioPlay":false,"sceneViewState":{"showFog":true,"showMaterialUpdate":false,"showSkybox":true,"showFlares":true,"showImageEffects":true,"showParticleSystems":true},"in2DMode":false,"pivot":{"x":0.8971273899078369,"y":0.31375789642333987,"z":12.09580135345459},"rotation":{"x":-0.21793797612190247,"y":0.04097656533122063,"z":-0.009158783592283726,"w":-0.9750590324401856},"size":21.831371307373048,"orthographic":false}