{"cameraMode":{"drawMode":0,"name":"Shaded","section":"Shading Mode"},"sceneLighting":true,"audioPlay":false,"sceneViewState":{"showFog":true,"showMaterialUpdate":false,"showSkybox":true,"showFlares":true,"showImageEffects":true,"showParticleSystems":true},"in2DMode":false,"pivot":{"x":4.384738445281982,"y":4.019768238067627,"z":4.781181812286377},"rotation":{"x":-0.2478169947862625,"y":0.02324867993593216,"z":-0.0059487647376954559,"w":-0.9685096740722656},"size":29.938961029052736,"orthographic":true}