{"cameraMode":{"drawMode":0,"name":"Shaded","section":"Shading Mode"},"sceneLighting":false,"audioPlay":false,"sceneViewState":{"showFog":true,"showMaterialUpdate":false,"showSkybox":false,"showFlares":true,"showImageEffects":true,"showParticleSystems":true},"in2DMode":false,"pivot":{"x":15.792684555053711,"y":0.8073019981384277,"z":-2.9234848022460939},"rotation":{"x":-0.359510213136673,"y":0.017352087423205377,"z":-0.0066866385750472549,"w":-0.932955801486969},"size":33.45246124267578,"orthographic":false}